Metric,Value
design__lint_error__count,0
design__lint_timing_construct__count,0
design__lint_warning__count,0
design__inferred_latch__count,0
design__instance__count,1042
design__instance__area,1770.45
design__instance_unmapped__count,0
synthesis__check_error__count,0
design__max_slew_violation__count__corner:nom_tt_025C_1v80,0
design__max_fanout_violation__count__corner:nom_tt_025C_1v80,0
design__max_cap_violation__count__corner:nom_tt_025C_1v80,0
power__internal__total,0.000015691313819843344
power__switching__total,0.00003073828702326864
power__leakage__total,5.023244931123827E-9
power__total,0.00004643462671083398
clock__skew__worst_hold__corner:nom_tt_025C_1v80,0.0
clock__skew__worst_setup__corner:nom_tt_025C_1v80,0.0
timing__hold__ws__corner:nom_tt_025C_1v80,4.427732084080745
timing__setup__ws__corner:nom_tt_025C_1v80,3.635038595239208
timing__hold__tns__corner:nom_tt_025C_1v80,0.0
timing__setup__tns__corner:nom_tt_025C_1v80,0.0
timing__hold__wns__corner:nom_tt_025C_1v80,0
timing__setup__wns__corner:nom_tt_025C_1v80,0.0
timing__hold_vio__count__corner:nom_tt_025C_1v80,0
timing__hold_r2r__ws__corner:nom_tt_025C_1v80,Infinity
timing__hold_r2r_vio__count__corner:nom_tt_025C_1v80,0
timing__setup_vio__count__corner:nom_tt_025C_1v80,0
timing__setup_r2r__ws__corner:nom_tt_025C_1v80,Infinity
timing__setup_r2r_vio__count__corner:nom_tt_025C_1v80,0
design__max_slew_violation__count__corner:nom_ss_100C_1v60,0
design__max_fanout_violation__count__corner:nom_ss_100C_1v60,0
design__max_cap_violation__count__corner:nom_ss_100C_1v60,0
clock__skew__worst_hold__corner:nom_ss_100C_1v60,0.0
clock__skew__worst_setup__corner:nom_ss_100C_1v60,0.0
timing__hold__ws__corner:nom_ss_100C_1v60,4.973998687050214
timing__setup__ws__corner:nom_ss_100C_1v60,1.6379165154450346
timing__hold__tns__corner:nom_ss_100C_1v60,0.0
timing__setup__tns__corner:nom_ss_100C_1v60,0.0
timing__hold__wns__corner:nom_ss_100C_1v60,0
timing__setup__wns__corner:nom_ss_100C_1v60,0.0
timing__hold_vio__count__corner:nom_ss_100C_1v60,0
timing__hold_r2r__ws__corner:nom_ss_100C_1v60,Infinity
timing__hold_r2r_vio__count__corner:nom_ss_100C_1v60,0
timing__setup_vio__count__corner:nom_ss_100C_1v60,0
timing__setup_r2r__ws__corner:nom_ss_100C_1v60,Infinity
timing__setup_r2r_vio__count__corner:nom_ss_100C_1v60,0
design__max_slew_violation__count__corner:nom_ff_n40C_1v95,0
design__max_fanout_violation__count__corner:nom_ff_n40C_1v95,0
design__max_cap_violation__count__corner:nom_ff_n40C_1v95,0
clock__skew__worst_hold__corner:nom_ff_n40C_1v95,0.0
clock__skew__worst_setup__corner:nom_ff_n40C_1v95,0.0
timing__hold__ws__corner:nom_ff_n40C_1v95,4.200912181467291
timing__setup__ws__corner:nom_ff_n40C_1v95,4.521884328302283
timing__hold__tns__corner:nom_ff_n40C_1v95,0.0
timing__setup__tns__corner:nom_ff_n40C_1v95,0.0
timing__hold__wns__corner:nom_ff_n40C_1v95,0
timing__setup__wns__corner:nom_ff_n40C_1v95,0.0
timing__hold_vio__count__corner:nom_ff_n40C_1v95,0
timing__hold_r2r__ws__corner:nom_ff_n40C_1v95,Infinity
timing__hold_r2r_vio__count__corner:nom_ff_n40C_1v95,0
timing__setup_vio__count__corner:nom_ff_n40C_1v95,0
timing__setup_r2r__ws__corner:nom_ff_n40C_1v95,Infinity
timing__setup_r2r_vio__count__corner:nom_ff_n40C_1v95,0
design__max_slew_violation__count,0
design__max_fanout_violation__count,0
design__max_cap_violation__count,0
clock__skew__worst_hold,0.0
clock__skew__worst_setup,0.0
timing__hold__ws,4.191405119393942
timing__setup__ws,1.6057466921736714
timing__hold__tns,0.0
timing__setup__tns,0.0
timing__hold__wns,0
timing__setup__wns,0.0
timing__hold_vio__count,0
timing__hold_r2r__ws,inf
timing__hold_r2r_vio__count,0
timing__setup_vio__count,0
timing__setup_r2r__ws,inf
timing__setup_r2r_vio__count,0
design__die__bbox,0.0 0.0 300.0 300.0
design__core__bbox,20.24 21.76 279.68 277.44
design__io,18
design__die__area,90000
design__core__area,66333.6
design__instance__count__stdcell,1042
design__instance__area__stdcell,1770.45
design__instance__count__macros,0
design__instance__area__macros,0
design__instance__utilization,0.0266901
design__instance__utilization__stdcell,0.0266901
design__instance__count__class:multi_input_combinational_cell,64
flow__warnings__count,1
flow__errors__count,0
design__instance__count__class:fill_cell,5806
design__instance__count__class:tap_cell,960
design__power_grid_violation__count__net:VGND,0
design__power_grid_violation__count__net:VPWR,0
design__power_grid_violation__count,0
floorplan__design__io,16
design__io__hpwl,2385262
timing__drv__floating__nets,0
timing__drv__floating__pins,0
design__instance__displacement__total,0
design__instance__displacement__mean,0
design__instance__displacement__max,0
route__wirelength__estimated,3546.16
design__violations,0
design__instance__count__class:timing_repair_buffer,17
design__instance__count__setup_buffer,0
design__instance__count__hold_buffer,0
antenna__violating__nets,0
antenna__violating__pins,0
route__antenna_violation__count,0
antenna_diodes_count,1
design__instance__count__class:antenna_cell,1
route__net,92
route__net__special,2
route__drc_errors__iter:1,32
route__wirelength__iter:1,3814
route__drc_errors__iter:2,0
route__wirelength__iter:2,3766
route__drc_errors,0
route__wirelength,3766
route__vias,579
route__vias__singlecut,579
route__vias__multicut,0
design__disconnected_pin__count,0
design__critical_disconnected_pin__count,0
route__wirelength__max,199.025
timing__unannotated_net__count__corner:nom_tt_025C_1v80,0
timing__unannotated_net_filtered__count__corner:nom_tt_025C_1v80,0
timing__unannotated_net__count__corner:nom_ss_100C_1v60,0
timing__unannotated_net_filtered__count__corner:nom_ss_100C_1v60,0
timing__unannotated_net__count__corner:nom_ff_n40C_1v95,0
timing__unannotated_net_filtered__count__corner:nom_ff_n40C_1v95,0
design__max_slew_violation__count__corner:min_tt_025C_1v80,0
design__max_fanout_violation__count__corner:min_tt_025C_1v80,0
design__max_cap_violation__count__corner:min_tt_025C_1v80,0
clock__skew__worst_hold__corner:min_tt_025C_1v80,0.0
clock__skew__worst_setup__corner:min_tt_025C_1v80,0.0
timing__hold__ws__corner:min_tt_025C_1v80,4.408428413761037
timing__setup__ws__corner:min_tt_025C_1v80,3.681977493780253
timing__hold__tns__corner:min_tt_025C_1v80,0.0
timing__setup__tns__corner:min_tt_025C_1v80,0.0
timing__hold__wns__corner:min_tt_025C_1v80,0
timing__setup__wns__corner:min_tt_025C_1v80,0.0
timing__hold_vio__count__corner:min_tt_025C_1v80,0
timing__hold_r2r__ws__corner:min_tt_025C_1v80,Infinity
timing__hold_r2r_vio__count__corner:min_tt_025C_1v80,0
timing__setup_vio__count__corner:min_tt_025C_1v80,0
timing__setup_r2r__ws__corner:min_tt_025C_1v80,Infinity
timing__setup_r2r_vio__count__corner:min_tt_025C_1v80,0
timing__unannotated_net__count__corner:min_tt_025C_1v80,0
timing__unannotated_net_filtered__count__corner:min_tt_025C_1v80,0
design__max_slew_violation__count__corner:min_ss_100C_1v60,0
design__max_fanout_violation__count__corner:min_ss_100C_1v60,0
design__max_cap_violation__count__corner:min_ss_100C_1v60,0
clock__skew__worst_hold__corner:min_ss_100C_1v60,0.0
clock__skew__worst_setup__corner:min_ss_100C_1v60,0.0
timing__hold__ws__corner:min_ss_100C_1v60,4.939642168447705
timing__setup__ws__corner:min_ss_100C_1v60,1.7228614578183516
timing__hold__tns__corner:min_ss_100C_1v60,0.0
timing__setup__tns__corner:min_ss_100C_1v60,0.0
timing__hold__wns__corner:min_ss_100C_1v60,0
timing__setup__wns__corner:min_ss_100C_1v60,0.0
timing__hold_vio__count__corner:min_ss_100C_1v60,0
timing__hold_r2r__ws__corner:min_ss_100C_1v60,Infinity
timing__hold_r2r_vio__count__corner:min_ss_100C_1v60,0
timing__setup_vio__count__corner:min_ss_100C_1v60,0
timing__setup_r2r__ws__corner:min_ss_100C_1v60,Infinity
timing__setup_r2r_vio__count__corner:min_ss_100C_1v60,0
timing__unannotated_net__count__corner:min_ss_100C_1v60,0
timing__unannotated_net_filtered__count__corner:min_ss_100C_1v60,0
design__max_slew_violation__count__corner:min_ff_n40C_1v95,0
design__max_fanout_violation__count__corner:min_ff_n40C_1v95,0
design__max_cap_violation__count__corner:min_ff_n40C_1v95,0
clock__skew__worst_hold__corner:min_ff_n40C_1v95,0.0
clock__skew__worst_setup__corner:min_ff_n40C_1v95,0.0
timing__hold__ws__corner:min_ff_n40C_1v95,4.191405119393942
timing__setup__ws__corner:min_ff_n40C_1v95,4.557269357543894
timing__hold__tns__corner:min_ff_n40C_1v95,0.0
timing__setup__tns__corner:min_ff_n40C_1v95,0.0
timing__hold__wns__corner:min_ff_n40C_1v95,0
timing__setup__wns__corner:min_ff_n40C_1v95,0.0
timing__hold_vio__count__corner:min_ff_n40C_1v95,0
timing__hold_r2r__ws__corner:min_ff_n40C_1v95,Infinity
timing__hold_r2r_vio__count__corner:min_ff_n40C_1v95,0
timing__setup_vio__count__corner:min_ff_n40C_1v95,0
timing__setup_r2r__ws__corner:min_ff_n40C_1v95,Infinity
timing__setup_r2r_vio__count__corner:min_ff_n40C_1v95,0
timing__unannotated_net__count__corner:min_ff_n40C_1v95,0
timing__unannotated_net_filtered__count__corner:min_ff_n40C_1v95,0
design__max_slew_violation__count__corner:max_tt_025C_1v80,0
design__max_fanout_violation__count__corner:max_tt_025C_1v80,0
design__max_cap_violation__count__corner:max_tt_025C_1v80,0
clock__skew__worst_hold__corner:max_tt_025C_1v80,0.0
clock__skew__worst_setup__corner:max_tt_025C_1v80,0.0
timing__hold__ws__corner:max_tt_025C_1v80,4.437853765637908
timing__setup__ws__corner:max_tt_025C_1v80,3.616718138457916
timing__hold__tns__corner:max_tt_025C_1v80,0.0
timing__setup__tns__corner:max_tt_025C_1v80,0.0
timing__hold__wns__corner:max_tt_025C_1v80,0
timing__setup__wns__corner:max_tt_025C_1v80,0.0
timing__hold_vio__count__corner:max_tt_025C_1v80,0
timing__hold_r2r__ws__corner:max_tt_025C_1v80,Infinity
timing__hold_r2r_vio__count__corner:max_tt_025C_1v80,0
timing__setup_vio__count__corner:max_tt_025C_1v80,0
timing__setup_r2r__ws__corner:max_tt_025C_1v80,Infinity
timing__setup_r2r_vio__count__corner:max_tt_025C_1v80,0
timing__unannotated_net__count__corner:max_tt_025C_1v80,0
timing__unannotated_net_filtered__count__corner:max_tt_025C_1v80,0
design__max_slew_violation__count__corner:max_ss_100C_1v60,0
design__max_fanout_violation__count__corner:max_ss_100C_1v60,0
design__max_cap_violation__count__corner:max_ss_100C_1v60,0
clock__skew__worst_hold__corner:max_ss_100C_1v60,0.0
clock__skew__worst_setup__corner:max_ss_100C_1v60,0.0
timing__hold__ws__corner:max_ss_100C_1v60,4.990681786868482
timing__setup__ws__corner:max_ss_100C_1v60,1.6057466921736714
timing__hold__tns__corner:max_ss_100C_1v60,0.0
timing__setup__tns__corner:max_ss_100C_1v60,0.0
timing__hold__wns__corner:max_ss_100C_1v60,0
timing__setup__wns__corner:max_ss_100C_1v60,0.0
timing__hold_vio__count__corner:max_ss_100C_1v60,0
timing__hold_r2r__ws__corner:max_ss_100C_1v60,Infinity
timing__hold_r2r_vio__count__corner:max_ss_100C_1v60,0
timing__setup_vio__count__corner:max_ss_100C_1v60,0
timing__setup_r2r__ws__corner:max_ss_100C_1v60,Infinity
timing__setup_r2r_vio__count__corner:max_ss_100C_1v60,0
timing__unannotated_net__count__corner:max_ss_100C_1v60,0
timing__unannotated_net_filtered__count__corner:max_ss_100C_1v60,0
design__max_slew_violation__count__corner:max_ff_n40C_1v95,0
design__max_fanout_violation__count__corner:max_ff_n40C_1v95,0
design__max_cap_violation__count__corner:max_ff_n40C_1v95,0
clock__skew__worst_hold__corner:max_ff_n40C_1v95,0.0
clock__skew__worst_setup__corner:max_ff_n40C_1v95,0.0
timing__hold__ws__corner:max_ff_n40C_1v95,4.210231837888782
timing__setup__ws__corner:max_ff_n40C_1v95,4.507303546862904
timing__hold__tns__corner:max_ff_n40C_1v95,0.0
timing__setup__tns__corner:max_ff_n40C_1v95,0.0
timing__hold__wns__corner:max_ff_n40C_1v95,0
timing__setup__wns__corner:max_ff_n40C_1v95,0.0
timing__hold_vio__count__corner:max_ff_n40C_1v95,0
timing__hold_r2r__ws__corner:max_ff_n40C_1v95,Infinity
timing__hold_r2r_vio__count__corner:max_ff_n40C_1v95,0
timing__setup_vio__count__corner:max_ff_n40C_1v95,0
timing__setup_r2r__ws__corner:max_ff_n40C_1v95,Infinity
timing__setup_r2r_vio__count__corner:max_ff_n40C_1v95,0
timing__unannotated_net__count__corner:max_ff_n40C_1v95,0
timing__unannotated_net_filtered__count__corner:max_ff_n40C_1v95,0
timing__unannotated_net__count,0
timing__unannotated_net_filtered__count,0
design_powergrid__voltage__worst__net:VPWR__corner:nom_tt_025C_1v80,1.79997
design_powergrid__drop__average__net:VPWR__corner:nom_tt_025C_1v80,1.8
design_powergrid__drop__worst__net:VPWR__corner:nom_tt_025C_1v80,0.000029605
design_powergrid__voltage__worst__net:VGND__corner:nom_tt_025C_1v80,0.000031823
design_powergrid__drop__average__net:VGND__corner:nom_tt_025C_1v80,0.00000137955
design_powergrid__drop__worst__net:VGND__corner:nom_tt_025C_1v80,0.000031823
design_powergrid__voltage__worst,0.000031823
design_powergrid__voltage__worst__net:VPWR,1.79997
design_powergrid__drop__worst,0.000031823
design_powergrid__drop__worst__net:VPWR,0.000029605
design_powergrid__voltage__worst__net:VGND,0.000031823
design_powergrid__drop__worst__net:VGND,0.000031823
ir__voltage__worst,1.8000000000000000444089209850062616169452667236328125
ir__drop__avg,0.000001359999999999999896105784720490294859018831630237400531768798828125
ir__drop__worst,0.000029600000000000001201642951809134274299140088260173797607421875
design__xor_difference__count,0
magic__drc_error__count,0
klayout__drc_error__count,0
magic__illegal_overlap__count,0
design__lvs_device_difference__count,0
design__lvs_net_difference__count,0
design__lvs_property_fail__count,0
design__lvs_error__count,0
design__lvs_unmatched_device__count,0
design__lvs_unmatched_net__count,0
design__lvs_unmatched_pin__count,0
